"Message",Low,"Построение начато."
"Message",Low,"Проект ""Unnamed_1"" (целевые объекты по умолчанию):"
"Message",Low,"Построение с инструментами версии ""4.0""."
"Message",Low,"Целевой объект ""PrintILCStartMessage"" в файле ""C:\Program Files (x86)\MSBuild\Microsoft\.NetNative\x64\ilc\IlcInternals.targets"" из проекта ""C:\Users\wowinter13\Desktop\ImagineCup\MapPanicApp.UWP\MapPanicApp.UWP\Unnamed_1"" (целевой объект ""Build"" зависит от него):"
"Message",Low,"Используется задача ""IlcMessageTask"" из сборки ""C:\Program Files (x86)\MSBuild\Microsoft\.NetNative\x64\ilc\ilc.exe""."
"Message",Low,"Задача ""IlcMessageTask"""
"Message",High,"Запуск компиляции машинного кода .NET"
"Message",Low,"Выполнение задачи ""IlcMessageTask"" завершено."
"Message",Low,"Построение целевого объекта ""PrintILCStartMessage"" в проекте ""Unnamed_1"" завершено."
"Message",Low,"Целевой объект ""LogAppContextSwitches"" в файле ""C:\Program Files (x86)\MSBuild\Microsoft\.NetNative\x64\ilc\IlcInternals.targets"" из проекта ""C:\Users\wowinter13\Desktop\ImagineCup\MapPanicApp.UWP\MapPanicApp.UWP\Unnamed_1"" (целевой объект ""SetMainTargetPaths"" зависит от него):"
"Message",Low,"Используется задача ""Message"" из сборки ""Microsoft.Build.Tasks.v4.0, Version=4.0.0.0, Culture=neutral, PublicKeyToken=b03f5f7f11d50a3a""."
"Message",Low,"Задача ""Message"""
"Message",Normal,"AppContextSwitch: ''"
"Message",Low,"Выполнение задачи ""Message"" завершено."
"Message",Low,"Построение целевого объекта ""LogAppContextSwitches"" в проекте ""Unnamed_1"" завершено."
"Message",Low,"Целевой объект ""SetMainTargetPaths"" в файле ""C:\Program Files (x86)\MSBuild\Microsoft\.NetNative\x64\ilc\IlcInternals.targets"" из проекта ""C:\Users\wowinter13\Desktop\ImagineCup\MapPanicApp.UWP\MapPanicApp.UWP\Unnamed_1"" (целевой объект ""CopyNativeExecutablesToOutput"" зависит от него):"
"Message",Low,"Построение целевого объекта ""SetMainTargetPaths"" в проекте ""Unnamed_1"" завершено."
"Message",Low,"Целевой объект ""GenerateFakeExe"" пропущен из-за невыполненного условия; выражение (!Exists('@(InputILTarget)')) равно (!Exists('C:\Users\wowinter13\Desktop\ImagineCup\MapPanicApp.UWP\MapPanicApp.UWP\obj\x64\Release\ilc\in\MapPanicApp.UWP.exe'))."
"Message",Low,"Целевой объект ""InjectCoreLibTypeForwards"" в файле ""C:\Program Files (x86)\MSBuild\Microsoft\.NetNative\x64\ilc\IlcInternals.targets"" из проекта ""C:\Users\wowinter13\Desktop\ImagineCup\MapPanicApp.UWP\MapPanicApp.UWP\Unnamed_1"" (целевой объект ""RunILTransforms"" зависит от него):"
"Message",Low,"Используется задача ""MakeDir"" из сборки ""Microsoft.Build.Tasks.v4.0, Version=4.0.0.0, Culture=neutral, PublicKeyToken=b03f5f7f11d50a3a""."
"Message",Low,"Задача ""MakeDir"""
"Message",Normal,"Создание каталога ""C:\Users\wowinter13\Desktop\ImagineCup\MapPanicApp.UWP\MapPanicApp.UWP\obj\x64\Release\ilc\intermediate\TransformedCoreLib\""."
"Message",Low,"Выполнение задачи ""MakeDir"" завершено."
"Message",Low,"Используется задача ""ILTransformTask"" из сборки ""Microsoft.Build.ILTasks""."
"Message",Low,"Задача ""ILTransformTask"""
"Message",Normal,"Выполняется преобразование ""InjectCoreLibTypeForwards"", размер кучи — 12 МБ."
"Message",Normal,"Выполняется преобразование ""InjectCoreLibIReflectableTypeSupport"", размер кучи — 41 МБ."
"Message",Normal,"Выполняется преобразование ""WriteAssemblies"", размер кучи — 41 МБ."
"Message",Normal,""
"Message",Normal,"Сводка преобразования"
"Message",Normal,"   мс | разностный файл кучи | имя"
"Message",Normal,"   699 |         20 | WriteAssemblies"
"Message",Normal,"   645 |         29 | InjectCoreLibTypeForwards"
"Message",Normal,"    22 |          0 | InjectCoreLibIReflectableTypeSupport"
"Message",Low,"Выполнение задачи ""ILTransformTask"" завершено."
"Message",Low,"Построение целевого объекта ""InjectCoreLibTypeForwards"" в проекте ""Unnamed_1"" завершено."
"Message",Low,"Целевой объект ""InjectCoreLibTypeForwards"" пропущен. Раньше построение было успешным."
"Message",Low,"Целевой объект ""PreResolveTransforms"" в файле ""C:\Program Files (x86)\MSBuild\Microsoft\.NetNative\x64\ilc\IlcInternals.targets"" из проекта ""C:\Users\wowinter13\Desktop\ImagineCup\MapPanicApp.UWP\MapPanicApp.UWP\Unnamed_1"" (целевой объект ""RunILTransforms"" зависит от него):"
"Message",Low,"Полное построение целевого объекта ""PreResolveTransforms""."
"Message",Low,"Выходной файл ""C:\Users\wowinter13\Desktop\ImagineCup\MapPanicApp.UWP\MapPanicApp.UWP\obj\x64\Release\ilc\intermediate\PreMergeILTransformed\MapPanicApp.UWP.exe"" не существует."
"Message",Low,"Задача ""MakeDir"""
"Message",Normal,"Создание каталога ""C:\Users\wowinter13\Desktop\ImagineCup\MapPanicApp.UWP\MapPanicApp.UWP\obj\x64\Release\ilc\intermediate\PreMergeILTransformed\""."
"Message",Low,"Выполнение задачи ""MakeDir"" завершено."
"Message",Low,"Используется задача ""AssemblyClosureTask"" из сборки ""Microsoft.Build.ILTasks""."
"Message",Low,"Задача ""AssemblyClosureTask"""
"Message",Low,"Выполнение задачи ""AssemblyClosureTask"" завершено."
"Message",Low,"Задача ""ILTransformTask"""
"Message",Normal,"Выполняется преобразование ""ResolveSelfReferences"", размер кучи — 38 МБ."
"Message",Normal,"Не удалось найти символы для сборки ""C:\Users\wowinter13\Desktop\ImagineCup\MapPanicApp.UWP\MapPanicApp.UWP\obj\x64\Release\ilc\in\Microsoft.ApplicationInsights.dll"". Символы не должны находиться в той же папке, что и сборка."
"Message",Normal,"Не удалось найти символы для сборки ""C:\Users\wowinter13\Desktop\ImagineCup\MapPanicApp.UWP\MapPanicApp.UWP\obj\x64\Release\ilc\in\Microsoft.ApplicationInsights.Extensibility.Windows.dll"". Символы не должны находиться в той же папке, что и сборка."
"Message",Normal,"Не удалось найти символы для сборки ""C:\Users\wowinter13\Desktop\ImagineCup\MapPanicApp.UWP\MapPanicApp.UWP\obj\x64\Release\ilc\in\Microsoft.ApplicationInsights.PersistenceChannel.dll"". Символы не должны находиться в той же папке, что и сборка."
"Message",Normal,"Не удалось найти символы для сборки ""C:\Users\wowinter13\Desktop\ImagineCup\MapPanicApp.UWP\MapPanicApp.UWP\obj\x64\Release\ilc\in\Microsoft.Xaml.Interactions.dll"". Символы не должны находиться в той же папке, что и сборка."
"Message",Normal,"Не удалось найти символы для сборки ""C:\Users\wowinter13\Desktop\ImagineCup\MapPanicApp.UWP\MapPanicApp.UWP\obj\x64\Release\ilc\in\Microsoft.Xaml.Interactivity.dll"". Символы не должны находиться в той же папке, что и сборка."
"Message",Normal,"Не удалось найти символы для сборки ""C:\Users\wowinter13\Desktop\ImagineCup\MapPanicApp.UWP\MapPanicApp.UWP\obj\x64\Release\ilc\in\Newtonsoft.Json.dll"". Символы не должны находиться в той же папке, что и сборка."
"Message",Normal,"Не удалось найти символы для сборки ""C:\Users\wowinter13\Desktop\ImagineCup\MapPanicApp.UWP\MapPanicApp.UWP\obj\x64\Release\ilc\in\Template10Library.dll"". Символы не должны находиться в той же папке, что и сборка."
"Message",Normal,"Выполняется преобразование ""RemoveDuplicateMembers"", размер кучи — 27 МБ."
"Message",Normal,"Выполняется преобразование ""GenericNameValidator"", размер кучи — 27 МБ."
"Message",Normal,"Выполняется преобразование ""PortableLib"", размер кучи — 27 МБ."
"Message",Normal,"Выполняется преобразование ""WriteAssemblies"", размер кучи — 55 МБ."
"Message",Normal,""
"Message",Normal,"Сводка преобразования"
"Message",Normal,"   мс | разностный файл кучи | имя"
"Message",Normal,"  1231 |        -11 | ResolveSelfReferences"
"Message",Normal,"   240 |         28 | PortableLib"
"Message",Normal,"   135 |          7 | WriteAssemblies"
"Message",Normal,"     0 |          0 | GenericNameValidator"
"Message",Normal,"     0 |          0 | RemoveDuplicateMembers"
"Message",Low,"Выполнение задачи ""ILTransformTask"" завершено."
"Message",Low,"Используется задача ""Copy"" из сборки ""Microsoft.Build.Tasks.v4.0, Version=4.0.0.0, Culture=neutral, PublicKeyToken=b03f5f7f11d50a3a""."
"Message",Low,"Задача ""Copy"""
"Message",Normal,"Копирование файла из ""C:\Users\wowinter13\Desktop\ImagineCup\MapPanicApp.UWP\MapPanicApp.UWP\obj\x64\Release\ilc\in\MapPanicApp.UWP.pdb"" в ""C:\Users\wowinter13\Desktop\ImagineCup\MapPanicApp.UWP\MapPanicApp.UWP\obj\x64\Release\ilc\intermediate\PreMergeILTransformed\MapPanicApp.UWP.pdb""."
"Message",Low,"Выполнение задачи ""Copy"" завершено."
"Message",Low,"Задача ""Copy"""
"Message",Normal,"Копирование файла из ""C:\Users\wowinter13\Desktop\ImagineCup\MapPanicApp.UWP\MapPanicApp.UWP\obj\x64\Release\ilc\in\MapPanicApp.UWP.exe"" в ""C:\Users\wowinter13\Desktop\ImagineCup\MapPanicApp.UWP\MapPanicApp.UWP\obj\x64\Release\ilc\intermediate\PreMergeILTransformed\MapPanicApp.UWP.exe""."
"Message",Low,"Выполнение задачи ""Copy"" завершено."
"Message",Low,"Задача ""Copy"" пропущена из-за невыполненного условия; выражение ('$(HasMcgPatchDlls)'=='true') равно (''=='true')."
"Message",Low,"Построение целевого объекта ""PreResolveTransforms"" в проекте ""Unnamed_1"" завершено."
"Message",Low,"Целевой объект ""InitInputResourceName"" в файле ""C:\Program Files (x86)\MSBuild\Microsoft\.NetNative\x64\ilc\IlcInternals.targets"" из проекта ""C:\Users\wowinter13\Desktop\ImagineCup\MapPanicApp.UWP\MapPanicApp.UWP\Unnamed_1"" (целевой объект ""RunILTransforms"" зависит от него):"
"Message",Low,"Задача ""ResolveFilePathTask"" пропущена из-за невыполненного условия; выражение ('$(InputPath)' != '' and Exists('$(InputPath)\obj\')) равно ('C:\Users\wowinter13\Desktop\ImagineCup\MapPanicApp.UWP\MapPanicApp.UWP\obj\x64\Release\ilc\in' != '' and Exists('C:\Users\wowinter13\Desktop\ImagineCup\MapPanicApp.UWP\MapPanicApp.UWP\obj\x64\Release\ilc\in\obj\'))."
"Message",Low,"Используется задача ""ResolveFilePathTask"" из сборки ""Microsoft.Build.ILTasks""."
"Message",Low,"Задача ""ResolveFilePathTask"""
"Message",Low,"Выполнение задачи ""ResolveFilePathTask"" завершено."
"Message",Low,"Построение целевого объекта ""InitInputResourceName"" в проекте ""Unnamed_1"" завершено."
"Message",Low,"Целевой объект ""PreResolveTransforms"" пропущен. Раньше построение было успешным."
"Message",Low,"Целевой объект ""SetForSharedInputs"" пропущен из-за невыполненного условия; выражение ('$(UseSharedAssemblies)' == 'true') равно ('false' == 'true')."
"Message",Low,"Целевой объект ""SetForBuildSharedAssemblies"" пропущен из-за невыполненного условия; выражение ('$(BuildSharedAssemblies)' == 'true') равно ('false' == 'true')."
"Message",Low,"Целевой объект ""ResolveInitialReferences"" в файле ""C:\Program Files (x86)\MSBuild\Microsoft\.NetNative\x64\ilc\IlcInternals.targets"" из проекта ""C:\Users\wowinter13\Desktop\ImagineCup\MapPanicApp.UWP\MapPanicApp.UWP\Unnamed_1"" (целевой объект ""RunILTransforms"" зависит от него):"
"Message",Low,"Задача ""ResolveFilePathTask"""
"Message",Low,"Выполнение задачи ""ResolveFilePathTask"" завершено."
"Message",Low,"Задача ""ResolveFilePathTask"""
"Message",Low,"Выполнение задачи ""ResolveFilePathTask"" завершено."
"Message",Low,"Задача ""IlcErrorTask"" пропущена из-за невыполненного условия; выражение ('@(UnresolvedManagedDllFilesErrorParameters)'!='') равно (''!='')."
"Message",Low,"Задача ""AssemblyClosureTask"""
"Message",Low,"Выполнение задачи ""AssemblyClosureTask"" завершено."
"Message",Low,"Задача ""AssemblyClosureTask"""
"Message",Low,"Выполнение задачи ""AssemblyClosureTask"" завершено."
"Message",Low,"Используется задача ""RemoveDuplicates"" из сборки ""Microsoft.Build.Tasks.v4.0, Version=4.0.0.0, Culture=neutral, PublicKeyToken=b03f5f7f11d50a3a""."
"Message",Low,"Задача ""RemoveDuplicates"""
"Message",Low,"Выполнение задачи ""RemoveDuplicates"" завершено."
"Message",Low,"Построение целевого объекта ""ResolveInitialReferences"" в проекте ""Unnamed_1"" завершено."
"Message",Low,"Целевой объект ""RunILTransforms"" в файле ""C:\Program Files (x86)\MSBuild\Microsoft\.NetNative\x64\ilc\IlcInternals.targets"" из проекта ""C:\Users\wowinter13\Desktop\ImagineCup\MapPanicApp.UWP\MapPanicApp.UWP\Unnamed_1"" (целевой объект ""GenerateMDILResponseFileSingleFile"" зависит от него):"
"Message",Low,"Полное построение целевого объекта ""RunILTransforms""."
"Message",Low,"Выходной файл ""C:\Users\wowinter13\Desktop\ImagineCup\MapPanicApp.UWP\MapPanicApp.UWP\obj\x64\Release\ilc\intermediate\ILTransformed\MapPanicApp.UWP.ilexe"" не существует."
"Message",Low,"Задача ""IlcMessageTask"""
"Message",High,"Обработка кода приложения"
"Message",Low,"Выполнение задачи ""IlcMessageTask"" завершено."
"Message",Low,"Используется задача ""ValidateSimpleNamesTask"" из сборки ""C:\Program Files (x86)\MSBuild\Microsoft\.NetNative\x64\ilc\ilc.exe""."
"Message",Low,"Задача ""ValidateSimpleNamesTask"""
"Message",Low,"Выполнение задачи ""ValidateSimpleNamesTask"" завершено."
"Message",Low,"Задача ""MakeDir"""
"Message",Normal,"Создание каталога ""C:\Users\wowinter13\Desktop\ImagineCup\MapPanicApp.UWP\MapPanicApp.UWP\obj\x64\Release\ilc\intermediate\ILTransformed\""."
"Message",Low,"Выполнение задачи ""MakeDir"" завершено."
"Message",Low,"Задача ""MakeDir"" пропущена из-за невыполненного условия; выражение ('$(BuildSharedAssemblies)' == 'true' And '$(InternalFeatureSwitch_ILTableOfContents)' == 'true') равно ('false' == 'true' And 'true' == 'true')."
"Message",Low,"Задача ""MakeDir"" пропущена из-за невыполненного условия; выражение ('$(BuildSharedAssemblies)' == 'true' And '$(InternalFeatureSwitch_ILTableOfContents)' == 'true') равно ('false' == 'true' And 'true' == 'true')."
"Message",Low,"Задача ""IlcErrorTask"" пропущена из-за невыполненного условия; выражение ('$(PlatformTarget)'=='') равно ('x64'=='')."
"Message",Low,"Задача ""ResolveFilePathTask"""
"Message",Low,"Выполнение задачи ""ResolveFilePathTask"" завершено."
"Message",Low,"Задача ""IlcErrorTask"" пропущена из-за невыполненного условия; выражение ('@(UnresolvedMcgSourceContractsReferencesErrorParameters)'!='') равно (''!='')."
"Message",Low,"Задача ""ResolveFilePathTask"""
"Message",Low,"Выполнение задачи ""ResolveFilePathTask"" завершено."
"Message",Low,"Задача ""IlcErrorTask"" пропущена из-за невыполненного условия; выражение ('@(UnresolvedMcgSourceFacadeErrorParameters)'!='') равно (''!='')."
"Message",Low,"Задача ""ResolveFilePathTask"""
"Message",Low,"Выполнение задачи ""ResolveFilePathTask"" завершено."
"Message",Low,"Задача ""ResolveFilePathTask"""
"Message",Low,"Выполнение задачи ""ResolveFilePathTask"" завершено."
"Message",Low,"Задача ""IlcErrorTask"" пропущена из-за невыполненного условия; выражение ('@(UnresolvedManagedDllFilesErrorParameters)'!='') равно (''!='')."
"Message",Low,"Задача ""AssemblyClosureTask"""
"Message",Low,"Выполнение задачи ""AssemblyClosureTask"" завершено."
"Message",Low,"Задача ""ResolveFilePathTask"""
"Message",Low,"Выполнение задачи ""ResolveFilePathTask"" завершено."
"Message",Low,"Задача ""IlcErrorTask"" пропущена из-за невыполненного условия; выражение ('@(UnresolvedCoreAssemblyErrorParameters)'!='') равно (''!='')."
"Message",Low,"Задача ""RemoveDuplicates"""
"Message",Low,"Выполнение задачи ""RemoveDuplicates"" завершено."
"Message",Low,"Задача ""AddToNativePackageTask"" пропущена из-за невыполненного условия; выражение ('@(NeedsClrCompression)' != '' and '$(BuildSharedAssemblies)' != 'true') равно ('' != '' and 'false' != 'true')."
"Message",Low,"Задача ""MakeDir"""
"Message",Normal,"Создание каталога ""C:\Users\wowinter13\Desktop\ImagineCup\MapPanicApp.UWP\MapPanicApp.UWP\obj\x64\Release\ilc\intermediate\SgGenerated""."
"Message",Low,"Выполнение задачи ""MakeDir"" завершено."
"Message",Low,"Используется задача ""WriteLinesToFile"" из сборки ""Microsoft.Build.Tasks.v4.0, Version=4.0.0.0, Culture=neutral, PublicKeyToken=b03f5f7f11d50a3a""."
"Message",Low,"Задача ""WriteLinesToFile"""
"Message",Low,"Выполнение задачи ""WriteLinesToFile"" завершено."
"Message",Low,"Задача ""MakeDir"""
"Message",Normal,"Создание каталога ""C:\Users\wowinter13\Desktop\ImagineCup\MapPanicApp.UWP\MapPanicApp.UWP\obj\x64\Release\ilc\intermediate\ResW\""."
"Message",Low,"Выполнение задачи ""MakeDir"" завершено."
"Message",Low,"Задача ""IlcWarningTask"" пропущена из-за невыполненного условия; выражение ('$(BuildSharedAssemblies)' != 'true' and '@(ReducerInputFiles)' == '') равно ('false' != 'true' and 'C:\Users\wowinter13\Desktop\ImagineCup\MapPanicApp.UWP\MapPanicApp.UWP\obj\x64\Release\ilc\in\Properties\Default.rd.xml;C:\Users\wowinter13\Desktop\ImagineCup\MapPanicApp.UWP\MapPanicApp.UWP\obj\x64\Release\ilc\in\Template10Library\Properties\Template10Library.rd.xml' == '')."
"Message",Low,"Задача ""ILTransformTask"""
"Message",Normal,"Выполняется преобразование ""Analysis"", размер кучи — 47 МБ."
"Message",Low,"Идет загрузка модулей (87)..."
"Message",Normal,"Импортированы директивы отражений из нескольких файлов (17):"
"Message",Normal,"C:\Users\wowinter13\Desktop\ImagineCup\MapPanicApp.UWP\MapPanicApp.UWP\obj\x64\Release\ilc\in\Properties\Default.rd.xml"
"Message",Normal,"C:\Users\wowinter13\Desktop\ImagineCup\MapPanicApp.UWP\MapPanicApp.UWP\obj\x64\Release\ilc\in\Template10Library\Properties\Template10Library.rd.xml"
"Message",Normal,"Встроенный манифест System.Diagnostics.Tracing: Resources.System.Diagnostics.Tracing.rd.xml"
"Message",Normal,"Встроенный манифест System.Private.CoreLib: Resources.System.Private.CoreLib.rd.xml"
"Message",Normal,"Встроенный манифест System.Private.Uri: Resources.System.Private.Uri.rd.xml"
"Message",Normal,"Встроенный манифест System.Private.Reflection: Resources.System.Private.Reflection.rd.xml"
"Message",Normal,"Встроенный манифест System.Private.Reflection.Core: Resources.System.Private.Reflection.Core.rd.xml"
"Message",Normal,"Встроенный манифест System.Private.Interop: Resources.System.Private.Interop.rd.xml"
"Message",Normal,"Встроенный манифест System.Private.PortableThunks: Resources.System.Private.PortableThunks.rd.xml"
"Message",Normal,"Встроенный манифест System.Dynamic.Runtime: Resources.System.Dynamic.Runtime.rd.xml"
"Message",Normal,"Встроенный манифест System.Xml.ReaderWriter: System.Xml.Resources.System.Xml.ReaderWriter.rd.xml"
"Message",Normal,"Встроенный манифест System.Xml.XDocument: System.Xml.Resources.System.Xml.XDocument.rd.xml"
"Message",Normal,"Встроенный манифест System.Runtime.Serialization.Primitives: System.Runtime.Serialization.Primitives.Resources.System.Runtime.Serialization.Primitives.rd.xml"
"Message",Normal,"Встроенный манифест System.Linq.Expressions: Resources.System.Linq.Expressions.rd.xml"
"Message",Normal,"Встроенный манифест Microsoft.CSharp: Microsoft.CSharp.Resources.Microsoft.CSharp.rd.xml"
"Message",Normal,"Microsoft.ApplicationInsights"
"Message",Normal,"Newtonsoft.Json"
"Message",Normal,"Импортированы корни XAML из нескольких файлов (2):"
"Message",Normal,"C:\Users\wowinter13\Desktop\ImagineCup\MapPanicApp.UWP\MapPanicApp.UWP\obj\x64\Release\ilc\in\MapPanicApp.UWP.xr.xml"
"Message",Normal,"C:\Users\wowinter13\Desktop\ImagineCup\MapPanicApp.UWP\MapPanicApp.UWP\obj\x64\Release\ilc\in\Template10Library\Template10Library.xr.xml"
"Message",Normal,"Выполняется преобразование ""Mcg"", размер кучи — 271 МБ."
"Message",High,"Вычисление закрытия приложения и создание кода взаимодействия"
"Message",Normal,"  Список LIB-файлов:"
"Message",Normal,"      WindowsApp.lib"
"Message",Normal,"  Список путей поиска LIB-файлов:"
"Message",Normal,"      C:\Program Files (x86)\Windows Kits\10\lib\10.0.10240.0\um\x64"
"Message",Normal,"  Идет загрузка экспортированных данных из LIB-файлов..."
"Message",Normal,"      2382 экспортирует операции чтения из ""C:\Program Files (x86)\Windows Kits\10\lib\10.0.10240.0\um\x64\WindowsApp.lib""."
"Message",Normal,"  Идет загрузка модулей (87)..."
"Message",Normal,"  Идет создание кода..."
"Message",Normal,"      Выполняется разрешение P/invoke..."
"Message",Normal,"          Не удалось разрешить P/Invoke ""RhWaitForPendingFinalizers"", но задано ExactSpelling. Применяется значение по умолчанию [MRT]!RhWaitForPendingFinalizers"
"Message",Normal,"          Не удалось разрешить P/Invoke ""RhCompatibleReentrantWaitAny"", но задано ExactSpelling. Применяется значение по умолчанию [MRT]!RhCompatibleReentrantWaitAny"
"Message",Normal,"          Не удалось разрешить P/Invoke ""_ecvt_s"", но задано ExactSpelling. Применяется значение по умолчанию [MRT]!_ecvt_s"
"Message",Normal,"          Не удалось разрешить P/Invoke ""memmove"", но задано ExactSpelling. Применяется значение по умолчанию [MRT]!memmove"
"Message",Normal,"          Метод P/Invoke ""GetLastError"" разрешен в api-ms-win-core-errorhandling-l1-1-1.dll!GetLastError."
"Message",Normal,"          Метод P/Invoke ""SetLastError"" разрешен в api-ms-win-core-errorhandling-l1-1-1.dll!SetLastError."
"Message",Normal,"          Метод P/Invoke ""GetLastError"" разрешен в api-ms-win-core-errorhandling-l1-1-1.dll!GetLastError."
"Message",Normal,"          Метод P/Invoke ""NormalizeString"" разрешен в api-ms-win-core-normalization-l1-1-0.dll!NormalizeString."
"Message",Normal,"          Метод P/Invoke ""RoInitialize"" разрешен в api-ms-win-core-winrt-l1-1-0.dll!RoInitialize."
"Message",Normal,"          Метод P/Invoke ""GetCurrentThreadId"" разрешен в api-ms-win-core-processthreads-l1-1-2.dll!GetCurrentThreadId."
"Message",Normal,"          Метод P/Invoke ""GetCurrentProcessId"" разрешен в api-ms-win-core-processthreads-l1-1-2.dll!GetCurrentProcessId."
"Message",Normal,"          Метод P/Invoke ""EventWriteTransfer"" разрешен в api-ms-win-eventing-provider-l1-1-0.dll!EventWriteTransfer."
"Message",Normal,"          Метод P/Invoke ""EventSetInformation"" разрешен в api-ms-win-eventing-provider-l1-1-0.dll!EventSetInformation."
"Message",Normal,"          Метод P/Invoke ""EventRegister"" разрешен в api-ms-win-eventing-provider-l1-1-0.dll!EventRegister."
"Message",Normal,"          Метод P/Invoke ""EventUnregister"" разрешен в api-ms-win-eventing-provider-l1-1-0.dll!EventUnregister."
"Message",Normal,"          Метод P/Invoke ""IsValidLocaleName"" разрешен в api-ms-win-core-localization-l1-2-1.dll!IsValidLocaleName."
"Message",Normal,"          Метод P/Invoke ""ResolveLocaleName"" разрешен в api-ms-win-core-localization-l1-2-1.dll!ResolveLocaleName."
"Message",Normal,"          Метод P/Invoke ""FormatMessage"" разрешен в api-ms-win-core-localization-l1-2-1.dll!FormatMessageA."
"Message",Normal,"          Метод P/Invoke ""GetCPInfoExW"" разрешен в api-ms-win-core-localization-l1-2-1.dll!GetCPInfoExW."
"Message",Normal,"          Метод P/Invoke ""IdnToAscii"" разрешен в api-ms-win-core-localization-l1-2-1.dll!IdnToAscii."
"Message",Normal,"          Метод P/Invoke ""IdnToUnicode"" разрешен в api-ms-win-core-localization-l1-2-1.dll!IdnToUnicode."
"Message",Normal,"          Метод P/Invoke ""FindNLSStringEx"" разрешен в api-ms-win-core-localization-l1-2-1.dll!FindNLSStringEx."
"Message",Normal,"          Метод P/Invoke ""FormatMessageW"" разрешен в api-ms-win-core-localization-l1-2-1.dll!FormatMessageW."
"Message",Normal,"          Метод P/Invoke ""GetCommandLineW"" разрешен в api-ms-win-core-processenvironment-l1-2-0.dll!GetCommandLineW."
"Message",Normal,"          Метод P/Invoke ""RaiseFailFastException"" разрешен в api-ms-win-core-errorhandling-l1-1-3.dll!RaiseFailFastException."
"Message",Normal,"          Метод P/Invoke ""QueryPerformanceFrequency"" разрешен в api-ms-win-core-profile-l1-1-0.dll!QueryPerformanceFrequency."
"Message",Normal,"          Метод P/Invoke ""QueryPerformanceCounter"" разрешен в api-ms-win-core-profile-l1-1-0.dll!QueryPerformanceCounter."
"Message",Normal,"          Не удалось разрешить P/Invoke ""CallingConventionConverter_GetStubs"", но задано ExactSpelling. Применяется значение по умолчанию *!CallingConventionConverter_GetStubs"
"Message",Normal,"          Не удалось разрешить P/Invoke ""ConstrainedCallSupport_GetStubs"", но задано ExactSpelling. Применяется значение по умолчанию *!ConstrainedCallSupport_GetStubs"
"Message",Normal,"          Метод P/Invoke ""GetNativeSystemInfo"" разрешен в api-ms-win-core-sysinfo-l1-2-1.dll!GetNativeSystemInfo."
"Message",Normal,"          Метод P/Invoke ""VirtualQuery"" разрешен в api-ms-win-core-memory-l1-1-2.dll!VirtualQuery."
"Message",Normal,"          Метод P/Invoke ""CompareStringEx"" разрешен в api-ms-win-core-string-l1-1-0.dll!CompareStringEx."
"Message",Normal,"          Метод P/Invoke ""CompareStringOrdinal"" разрешен в api-ms-win-core-string-l1-1-0.dll!CompareStringOrdinal."
"Message",Normal,"          Метод P/Invoke ""FindStringOrdinal"" разрешен в api-ms-win-core-libraryloader-l1-2-0.dll!FindStringOrdinal."
"Message",Normal,"          Метод P/Invoke ""deflateInit2_"" разрешен в clrcompression.dll!deflateInit2_."
"Message",Normal,"          Метод P/Invoke ""deflateEnd"" разрешен в clrcompression.dll!deflateEnd."
"Message",Normal,"          Метод P/Invoke ""inflateEnd"" разрешен в clrcompression.dll!inflateEnd."
"Message",Normal,"          Метод P/Invoke ""deflate"" разрешен в clrcompression.dll!deflate."
"Message",Normal,"          Не удалось разрешить P/Invoke ""CoCreateInstance"", но задано ExactSpelling. Применяется значение по умолчанию api-ms-win-core-com-l1-1-0.dll!CoCreateInstance"
"Message",Normal,"          Метод P/Invoke ""QueryUnbiasedInterruptTime"" разрешен в api-ms-win-core-realtime-l1-1-0.dll!QueryUnbiasedInterruptTime."
"Message",Normal,"          Метод P/Invoke ""SysFreeString"" разрешен в oleaut32.dll!#6."
"Message",Normal,"          Метод P/Invoke ""GetLongPathNameW"" разрешен в api-ms-win-core-file-l1-2-1.dll!GetLongPathNameW."
"Message",Normal,"          Метод P/Invoke ""GetLongPathNameW"" разрешен в api-ms-win-core-file-l1-2-1.dll!GetLongPathNameW."
"Message",Normal,"          Метод P/Invoke ""GetFullPathNameW"" разрешен в api-ms-win-core-file-l1-2-1.dll!GetFullPathNameW."
"Message",Normal,"          Метод P/Invoke ""GetFullPathNameW"" разрешен в api-ms-win-core-file-l1-2-1.dll!GetFullPathNameW."
"Message",Normal,"          Метод P/Invoke ""RoGetBufferMarshaler"" разрешен в api-ms-win-core-winrt-robuffer-l1-1-0.dll!RoGetBufferMarshaler."
"Message",Normal,"  Создан код взаимодействия."
"Message",Normal,"  Код записан в AssemblyInfo.g.cs"
"Message",Normal,"  Код записан в Adapters.g.cs"
"Message",Normal,"  Код записан в Data.g.cs"
"Message",Normal,"  Код записан в Helpers.g.cs"
"Message",Normal,"  Код записан в ImplTypes.g.cs"
"Message",Normal,"  Код записан в PInvoke.g.cs"
"Message",Normal,"  Код записан в SafeTypes.g.cs"
"Message",Normal,"  Код записан в SharedStubs.g.cs"
"Message",Normal,"  Код записан в MapPanicApp.UWP.ITFProxy.g.cs"
"Message",Normal,"Выполняется преобразование ""CompileMcgSourceAndSerializationAssemblyGenerator"", размер кучи — 226 МБ."
"Message",High,"Создание кода сериализации"
"Message",High,"Компиляция кода взаимодействия"
"Message",Low,"Идет компиляция выходных данных MCG с аргументами:  /debug:""pdbonly"" /nowarn:""0436;0618;1668;1685;1701;1702"" /debug+ /nostdlib+ /optimize+ /out:""C:\Users\wowinter13\Desktop\ImagineCup\MapPanicApp.UWP\MapPanicApp.UWP\obj\x64\Release\ilc\intermediate\MapPanicApp.UWP.Interop.dll"" /pdb:""C:\Users\wowinter13\Desktop\ImagineCup\MapPanicApp.UWP\MapPanicApp.UWP\obj\x64\Release\ilc\intermediate\MapPanicApp.UWP.Interop.pdb"" /platform:""x64"" /warnaserror+ /unsafe /noconfig /nologo /target:library /define:""WIN64"" /define:""AMD64"" /define:""ALIGN_ACCESS"" /define:""MCG_PRE_BUILD"" /r:""C:\Program Files (x86)\MSBuild\Microsoft\.NetNative\x64\ilc\lib\Private\System.Private.Corelib.dll"" /r:""C:\Program Files (x86)\MSBuild\Microsoft\.NetNative\x64\ilc\lib\Private\System.Private.Corelib.InteropServices.dll"" /r:""C:\Program Files (x86)\MSBuild\Microsoft\.NetNative\x64\ilc\lib\Private\System.Private.Interop.dll"" /r:""C:\Users\wowinter13\Desktop\ImagineCup\MapPanicApp.UWP\MapPanicApp.UWP\obj\x64\Release\ilc\in\System.Private.Uri.dll"" /r:""C:\Program Files (x86)\MSBuild\Microsoft\.NetNative\x64\ilc\lib\Private\System.Private.CompilerServices.ICastable.dll"" /r:""C:\Program Files (x86)\MSBuild\Microsoft\.NetNative\x64\ilc\lib\Private\System.Private.Reflection.dll"" /r:""C:\Program Files (x86)\MSBuild\Microsoft\.NetNative\x64\ilc\lib\Private\System.Private.DispatchProxy.dll"" /r:""C:\Users\wowinter13\Desktop\ImagineCup\MapPanicApp.UWP\MapPanicApp.UWP\obj\x64\Release\ilc\in\System.Reflection.DispatchProxy.dll"" /r:""C:\Users\wowinter13\Desktop\ImagineCup\MapPanicApp.UWP\MapPanicApp.UWP\obj\x64\Release\ilc\in\System.Reflection.dll"" /r:""C:\Users\wowinter13\Desktop\ImagineCup\MapPanicApp.UWP\MapPanicApp.UWP\obj\x64\Release\ilc\in\System.Runtime.dll"" /r:""C:\Users\wowinter13\Desktop\ImagineCup\MapPanicApp.UWP\MapPanicApp.UWP\obj\x64\Release\ilc\in\System.Runtime.InteropServices.dll"" /r:""C:\Users\wowinter13\Desktop\ImagineCup\MapPanicApp.UWP\MapPanicApp.UWP\obj\x64\Release\ilc\in\System.Runtime.InteropServices.WindowsRuntime.dll"" /r:""C:\Users\wowinter13\Desktop\ImagineCup\MapPanicApp.UWP\MapPanicApp.UWP\obj\x64\Release\ilc\in\System.Numerics.Vectors.dll"" /r:""C:\Users\wowinter13\Desktop\ImagineCup\MapPanicApp.UWP\MapPanicApp.UWP\obj\x64\Release\ilc\in\System.Threading.dll"" /r:""C:\Users\wowinter13\Desktop\ImagineCup\MapPanicApp.UWP\MapPanicApp.UWP\obj\x64\Release\ilc\in\System.Diagnostics.Debug.dll"" /r:""C:\Users\wowinter13\Desktop\ImagineCup\MapPanicApp.UWP\MapPanicApp.UWP\obj\x64\Release\ilc\in\System.Runtime.Handles.dll"" /r:""C:\Users\wowinter13\Desktop\ImagineCup\MapPanicApp.UWP\MapPanicApp.UWP\obj\x64\Release\ilc\in\System.Dynamic.Runtime.dll"" /r:""C:\Program Files (x86)\MSBuild\Microsoft\.NetNative\x64\ilc\lib\Private\System.Private.CoreLib.Augments.dll"" /r:""C:\Users\wowinter13\Desktop\ImagineCup\MapPanicApp.UWP\MapPanicApp.UWP\obj\x64\Release\ilc\in\System.Runtime.Extensions.dll"" /r:""C:\Users\wowinter13\Desktop\ImagineCup\MapPanicApp.UWP\MapPanicApp.UWP\obj\x64\Release\ilc\in\System.Collections.dll"" /r:""C:\Users\wowinter13\Desktop\ImagineCup\MapPanicApp.UWP\MapPanicApp.UWP\obj\x64\Release\ilc\in\System.ObjectModel.dll"" /r:""C:\Users\wowinter13\Desktop\ImagineCup\MapPanicApp.UWP\MapPanicApp.UWP\obj\x64\Release\ilc\in\System.Runtime.WindowsRuntime.dll"" /r:""C:\Users\wowinter13\Desktop\ImagineCup\MapPanicApp.UWP\MapPanicApp.UWP\obj\x64\Release\ilc\in\System.Runtime.WindowsRuntime.UI.Xaml.dll"" ""C:\Users\wowinter13\Desktop\ImagineCup\MapPanicApp.UWP\MapPanicApp.UWP\obj\x64\Release\ilc\intermediate\MapPanicApp.UWP.ITFProxy.g.cs"" ""C:\Users\wowinter13\Desktop\ImagineCup\MapPanicApp.UWP\MapPanicApp.UWP\obj\x64\Release\ilc\intermediate\MapPanicApp.UWP.Interop\Adapters.g.cs"" ""C:\Users\wowinter13\Desktop\ImagineCup\MapPanicApp.UWP\MapPanicApp.UWP\obj\x64\Release\ilc\intermediate\MapPanicApp.UWP.Interop\AssemblyInfo.g.cs"" ""C:\Users\wowinter13\Desktop\ImagineCup\MapPanicApp.UWP\MapPanicApp.UWP\obj\x64\Release\ilc\intermediate\MapPanicApp.UWP.Interop\Data.g.cs"" ""C:\Users\wowinter13\Desktop\ImagineCup\MapPanicApp.UWP\MapPanicApp.UWP\obj\x64\Release\ilc\intermediate\MapPanicApp.UWP.Interop\Helpers.g.cs"" ""C:\Users\wowinter13\Desktop\ImagineCup\MapPanicApp.UWP\MapPanicApp.UWP\obj\x64\Release\ilc\intermediate\MapPanicApp.UWP.Interop\ImplTypes.g.cs"" ""C:\Users\wowinter13\Desktop\ImagineCup\MapPanicApp.UWP\MapPanicApp.UWP\obj\x64\Release\ilc\intermediate\MapPanicApp.UWP.Interop\PInvoke.g.cs"" ""C:\Users\wowinter13\Desktop\ImagineCup\MapPanicApp.UWP\MapPanicApp.UWP\obj\x64\Release\ilc\intermediate\MapPanicApp.UWP.Interop\SafeTypes.g.cs"" ""C:\Users\wowinter13\Desktop\ImagineCup\MapPanicApp.UWP\MapPanicApp.UWP\obj\x64\Release\ilc\intermediate\MapPanicApp.UWP.Interop\SharedStubs.g.cs""."
"Message",Normal,"Выполняется преобразование ""DumpNativeResources"", размер кучи — 226 МБ."
"Message",Normal,"Выполняется преобразование ""ReducedCopyInitialize"", размер кучи — 226 МБ."
"Message",Normal,"Выполняется преобразование ""ReducedCopyEmptyTypes"", размер кучи — 259 МБ."
"Message",Normal,"Выполняется преобразование ""ReducedCopyPopulateTypes"", размер кучи — 292 МБ."
"Message",Normal,"Выполняется преобразование ""ReducedCopyLateMetadata"", размер кучи — 349 МБ."
"Warning","C:\Program Files (x86)\MSBuild\Microsoft\.NetNative\x64\ilc\IlcInternals.targets",886,5,"Тип ""Windows.UI.Xaml.Controls.Button"" не был включен в компиляцию, но на него указывает ссылка в тип ""Template10.Behaviors.NavButtonBehavior"". Возможно, отсутствует сборка."
"Warning","C:\Program Files (x86)\MSBuild\Microsoft\.NetNative\x64\ilc\IlcInternals.targets",886,5,"Тип ""Windows.UI.Xaml.Controls.TextBox"" не был включен в компиляцию, но на него указывает ссылка в тип ""Template10.Behaviors.TextBoxEnterKeyBehavior"". Возможно, отсутствует сборка."
"Message",Normal,"Выполняется преобразование ""ReducedCopyMethodBodies"", размер кучи — 327 МБ."
"Message",Normal,"Выполняется преобразование ""ReducedCopyComplete"", размер кучи — 400 МБ."
"Message",Normal,"Выполняется преобразование ""ReducedCopyCleanup"", размер кучи — 420 МБ."
"Message",Normal,"Выполняется преобразование ""DeveloperExperienceModeOnlyCodeRemover"", размер кучи — 420 МБ."
"Message",Normal,"Выполняется преобразование ""ComImportDetector"", размер кучи — 420 МБ."
"Message",Normal,"Выполняется преобразование ""McgAccessor"", размер кучи — 420 МБ."
"Message",Normal,"Выполняется преобразование ""McgRedirect"", размер кучи — 371 МБ."
"Message",Normal,"Выполняется преобразование ""McgRedirect"", размер кучи — 376 МБ."
"Message",Normal,"Выполняется преобразование ""McgTypeOf"", размер кучи — 378 МБ."
"Message",Normal,"Выполняется преобразование ""ExceptionMiniaturizer"", размер кучи — 389 МБ."
"Message",Normal,"Выполняется преобразование ""EventSource"", размер кучи — 403 МБ."
"Message",Normal,"Выполняется преобразование ""ValueType"", размер кучи — 404 МБ."
"Message",Normal,"Выполняется преобразование ""Attribute"", размер кучи — 407 МБ."
"Message",Normal,"Выполняется преобразование ""GetType"", размер кучи — 409 МБ."
"Message",Normal,"Выполняется преобразование ""McgFixups"", размер кучи — 411 МБ."
"Message",Normal,"Выполняется преобразование ""ResourceManagerCtor"", размер кучи — 413 МБ."
"Message",Normal,"Выполняется преобразование ""TypeofTypeHandle"", размер кучи — 413 МБ."
"Message",Normal,"Выполняется преобразование ""DispatchProxyIntrinsics"", размер кучи — 426 МБ."
"Message",Normal,"Выполняется преобразование ""StaticInitData"", размер кучи — 426 МБ."
"Message",Normal,"Выполняется преобразование ""StartupCodeInjector"", размер кучи — 454 МБ."
"Message",Normal,"Выполняется преобразование ""InjectAppContextSwitches"", размер кучи — 455 МБ."
"Message",Normal,"Выполняется преобразование ""ImplementLibraryDynamicInvokeHelpers"", размер кучи — 455 МБ."
"Message",Normal,"Выполняется преобразование ""Delegate"", размер кучи — 455 МБ."
"Message",Normal,"Выполняется преобразование ""DelegateCtorCall"", размер кучи — 476 МБ."
"Message",Normal,"Выполняется преобразование ""LazyGenerics"", размер кучи — 479 МБ."
"Message",Normal,"Выполняется преобразование ""AddReflectionBlockedAttributes"", размер кучи — 443 МБ."
"Message",Normal,"Выполняется преобразование ""DisableOptimization"", размер кучи — 444 МБ."
"Message",Normal,"Выполняется преобразование ""CreateMetadata"", размер кучи — 444 МБ."
"Message",Normal,"Выполняется преобразование ""SynchronizedMethod"", размер кучи — 528 МБ."
"Message",Normal,"Выполняется преобразование ""ReflectionInvoke"", размер кучи — 528 МБ."
"Message",Normal,"Выполняется преобразование ""ScrubOpenCalls"", размер кучи — 532 МБ."
"Message",Normal,"Выполняется преобразование ""Calli"", размер кучи — 532 МБ."
"Message",Normal,"Выполняется преобразование ""ConvertCatchIntoFilter"", размер кучи — 439 МБ."
"Message",Normal,"Выполняется преобразование ""ReflectionMappingInfoEmit"", размер кучи — 440 МБ."
"Message",Normal,"Выполняется преобразование ""ConvertManagedWinMD"", размер кучи — 444 МБ."
"Message",Normal,"Выполняется преобразование ""Reducer"", размер кучи — 444 МБ."
"Message",High,"Очистка кода без ссылок"
"Message",Normal,"Выполняется преобразование ""WriteAssemblies"", размер кучи — 456 МБ."
"Message",Normal,""
"Message",Normal,"Сводка преобразования"
"Message",Normal,"   мс | разностный файл кучи | имя"
"Message",Normal," 19648 |        224 | Analysis"
"Message",Normal," 11777 |          0 | CompileMcgSourceAndSerializationAssemblyGenerator"
"Message",Normal,"  5430 |        -45 | Mcg"
"Message",Normal,"  4361 |         12 | Reducer"
"Message",Normal,"  4008 |        121 | WriteAssemblies"
"Message",Normal,"  1908 |         57 | ReducedCopyPopulateTypes"
"Message",Normal,"  1875 |         33 | ReducedCopyInitialize"
"Message",Normal,"  1177 |         84 | CreateMetadata"
"Message",Normal,"   749 |         33 | ReducedCopyEmptyTypes"
"Message",Normal,"   737 |        -36 | LazyGenerics"
"Message",Normal,"   727 |        -93 | Calli"
"Message",Normal,"   678 |        -22 | ReducedCopyLateMetadata"
"Message",Normal,"   584 |         73 | ReducedCopyMethodBodies"
"Message",Normal,"   554 |        -49 | McgAccessor"
"Message",Normal,"   550 |         20 | ReducedCopyComplete"
"Message",Normal,"   449 |         11 | McgTypeOf"
"Message",Normal,"   400 |         13 | TypeofTypeHandle"
"Message",Normal,"   375 |         14 | ExceptionMiniaturizer"
"Message",Normal,"   266 |          5 | McgRedirect"
"Message",Normal,"   235 |         28 | StaticInitData"
"Message",Normal,"   194 |          2 | McgRedirect"
"Message",Normal,"   174 |         21 | Delegate"
"Message",Normal,"   154 |          0 | DumpNativeResources"
"Message",Normal,"   141 |          3 | DelegateCtorCall"
"Message",Normal,"    83 |          2 | McgFixups"
"Message",Normal,"    63 |          4 | ReflectionMappingInfoEmit"
"Message",Normal,"    62 |          0 | SynchronizedMethod"
"Message",Normal,"    45 |          1 | StartupCodeInjector"
"Message",Normal,"    42 |          2 | GetType"
"Message",Normal,"    36 |          0 | ScrubOpenCalls"
"Message",Normal,"    31 |          0 | DispatchProxyIntrinsics"
"Message",Normal,"    30 |          1 | ConvertCatchIntoFilter"
"Message",Normal,"    26 |          1 | EventSource"
"Message",Normal,"    22 |          3 | ValueType"
"Message",Normal,"    18 |          4 | ReflectionInvoke"
"Message",Normal,"     8 |          2 | Attribute"
"Message",Normal,"     5 |          0 | DeveloperExperienceModeOnlyCodeRemover"
"Message",Normal,"     3 |          0 | ResourceManagerCtor"
"Message",Normal,"     3 |          1 | AddReflectionBlockedAttributes"
"Message",Normal,"     1 |          0 | ImplementLibraryDynamicInvokeHelpers"
"Message",Normal,"     0 |          0 | InjectAppContextSwitches"
"Message",Normal,"     0 |          0 | ComImportDetector"
"Message",Normal,"     0 |          0 | ConvertManagedWinMD"
"Message",Normal,"     0 |          0 | DisableOptimization"
"Message",Normal,"     0 |          0 | ReducedCopyCleanup"
"Message",Low,"Выполнение задачи ""ILTransformTask"" завершено."
"Message",Low,"Задача ""WriteLinesToFile"" пропущена из-за невыполненного условия; выражение ('$(BuildSharedAssemblies)' == 'true') равно ('false' == 'true')."
"Message",Low,"Построение целевого объекта ""RunILTransforms"" в проекте ""Unnamed_1"" завершено."
"Message",Low,"Целевой объект ""CheckSharedAssemblyClosure"" пропущен из-за невыполненного условия; выражение ('$(BuildSharedAssemblies)' == 'true') равно ('false' == 'true')."
"Message",Low,"Целевой объект ""MergePgoCounts"" пропущен из-за невыполненного условия; выражение ('$(Pgu)'=='true' and '$(MultiPhasePgd)'!='true') равно ('false'=='true' and 'false'!='true')."
"Message",Low,"Целевой объект ""GenerateMDILResponseFileSingleFile"" в файле ""C:\Program Files (x86)\MSBuild\Microsoft\.NetNative\x64\ilc\IlcInternals.targets"" из проекта ""C:\Users\wowinter13\Desktop\ImagineCup\MapPanicApp.UWP\MapPanicApp.UWP\Unnamed_1"" (целевой объект ""GenerateMDILSingleFile"" зависит от него):"
"Message",Low,"Полное построение целевого объекта ""GenerateMDILResponseFileSingleFile""."
"Message",Low,"Выходной файл ""C:\Users\wowinter13\Desktop\ImagineCup\MapPanicApp.UWP\MapPanicApp.UWP\obj\x64\Release\ilc\intermediate\nutcargs.rsp"" не существует."
"Message",Low,"Задача ""IlcMessageTask"""
"Message",High,"Создание машинного кода"
"Message",Low,"Выполнение задачи ""IlcMessageTask"" завершено."
"Message",Low,"Задача ""MakeDir"""
"Message",Normal,"Создание каталога ""C:\Users\wowinter13\Desktop\ImagineCup\MapPanicApp.UWP\MapPanicApp.UWP\obj\x64\Release\ilc\intermediate\MDIL\""."
"Message",Low,"Выполнение задачи ""MakeDir"" завершено."
"Message",Low,"Задача ""WriteLinesToFile"""
"Message",Low,"Выполнение задачи ""WriteLinesToFile"" завершено."
"Message",Low,"Построение целевого объекта ""GenerateMDILResponseFileSingleFile"" в проекте ""Unnamed_1"" завершено."
"Message",Low,"Целевой объект ""GenerateMDILSingleFile"" в файле ""C:\Program Files (x86)\MSBuild\Microsoft\.NetNative\x64\ilc\IlcInternals.targets"" из проекта ""C:\Users\wowinter13\Desktop\ImagineCup\MapPanicApp.UWP\MapPanicApp.UWP\Unnamed_1"" (целевой объект ""GenerateMDIL"" зависит от него):"
"Message",Low,"Полное построение целевого объекта ""GenerateMDILSingleFile""."
"Message",Low,"Выходной файл ""C:\Users\wowinter13\Desktop\ImagineCup\MapPanicApp.UWP\MapPanicApp.UWP\obj\x64\Release\ilc\intermediate\MDIL\MapPanicApp.UWP.mdilexe"" не существует."
"Message",Low,"Используется задача ""StartProcessTask"" из сборки ""Microsoft.Build.ILTasks""."
"Message",Low,"Задача ""StartProcessTask"""
"Message",Normal,"Идет запуск ""C:\Program Files (x86)\MSBuild\Microsoft\.NetNative\x64\ilc\Tools\nutc_driver.exe @""C:\Users\wowinter13\Desktop\ImagineCup\MapPanicApp.UWP\MapPanicApp.UWP\obj\x64\Release\ilc\intermediate\nutcargs.rsp""""."
"Message",Low,"Microsoft (R) MDIL Compiler - Version 1.0.23309.00"
"Message",Low,"Copyright (c) Microsoft Corporation.  All rights reserved."
"Message",Low,"╨б╨║╨░╨╜╨╕╤А╨╛╨▓╨░╨╜╨╕╨╡ ╨▓╤Е╨╛╨┤╨╜╤Л╤Е ╤В╨╕╨┐╨╛╨▓"
"Message",Low,"╨б╨║╨░╨╜╨╕╤А╨╛╨▓╨░╨╜╨╕╨╡ ╨╝╨╡╤В╨╛╨┤╨╛╨▓: 15676."
"Message",Low,"╨б╨║╨░╨╜╨╕╤А╨╛╨▓╨░╨╜╨╕╨╡ ╨╝╨╡╤В╨╛╨┤╨╛╨▓: 6361."
"Message",Low,"╨б╨║╨░╨╜╨╕╤А╨╛╨▓╨░╨╜╨╕╨╡ ╨╝╨╡╤В╨╛╨┤╨╛╨▓: 4062."
"Message",Low,"╨б╨║╨░╨╜╨╕╤А╨╛╨▓╨░╨╜╨╕╨╡ ╨╝╨╡╤В╨╛╨┤╨╛╨▓: 2998."
"Message",Low,"╨б╨║╨░╨╜╨╕╤А╨╛╨▓╨░╨╜╨╕╨╡ ╨╝╨╡╤В╨╛╨┤╨╛╨▓: 5571."
"Message",Low,"╨б╨║╨░╨╜╨╕╤А╨╛╨▓╨░╨╜╨╕╨╡ ╨╝╨╡╤В╨╛╨┤╨╛╨▓: 4020."
"Message",Low,"╨б╨║╨░╨╜╨╕╤А╨╛╨▓╨░╨╜╨╕╨╡ ╨╝╨╡╤В╨╛╨┤╨╛╨▓: 2983."
"Message",Low,"╨б╨║╨░╨╜╨╕╤А╨╛╨▓╨░╨╜╨╕╨╡ ╨╝╨╡╤В╨╛╨┤╨╛╨▓: 2296."
"Message",Low,"╨б╨║╨░╨╜╨╕╤А╨╛╨▓╨░╨╜╨╕╨╡ ╨╝╨╡╤В╨╛╨┤╨╛╨▓: 2266."
"Message",Low,"╨б╨║╨░╨╜╨╕╤А╨╛╨▓╨░╨╜╨╕╨╡ ╨╝╨╡╤В╨╛╨┤╨╛╨▓: 2113."
"Message",Low,"╨б╨║╨░╨╜╨╕╤А╨╛╨▓╨░╨╜╨╕╨╡ ╨╝╨╡╤В╨╛╨┤╨╛╨▓: 1292."
"Message",Low,"╨б╨║╨░╨╜╨╕╤А╨╛╨▓╨░╨╜╨╕╨╡ ╨╝╨╡╤В╨╛╨┤╨╛╨▓: 824."
"Message",Low,"╨б╨║╨░╨╜╨╕╤А╨╛╨▓╨░╨╜╨╕╨╡ ╨╝╨╡╤В╨╛╨┤╨╛╨▓: 506."
"Message",Low,"╨б╨║╨░╨╜╨╕╤А╨╛╨▓╨░╨╜╨╕╨╡ ╨╝╨╡╤В╨╛╨┤╨╛╨▓: 198."
"Message",Low,"╨б╨║╨░╨╜╨╕╤А╨╛╨▓╨░╨╜╨╕╨╡ ╨╝╨╡╤В╨╛╨┤╨╛╨▓: 132."
"Message",Low,"╨б╨║╨░╨╜╨╕╤А╨╛╨▓╨░╨╜╨╕╨╡ ╨╝╨╡╤В╨╛╨┤╨╛╨▓: 159."
"Message",Low,"╨б╨║╨░╨╜╨╕╤А╨╛╨▓╨░╨╜╨╕╨╡ ╨╝╨╡╤В╨╛╨┤╨╛╨▓: 161."
"Message",Low,"╨б╨║╨░╨╜╨╕╤А╨╛╨▓╨░╨╜╨╕╨╡ ╨╝╨╡╤В╨╛╨┤╨╛╨▓: 132."
"Message",Low,"╨б╨║╨░╨╜╨╕╤А╨╛╨▓╨░╨╜╨╕╨╡ ╨╝╨╡╤В╨╛╨┤╨╛╨▓: 93."
"Message",Low,"╨б╨║╨░╨╜╨╕╤А╨╛╨▓╨░╨╜╨╕╨╡ ╨╝╨╡╤В╨╛╨┤╨╛╨▓: 39."
"Message",Low,"╨б╨║╨░╨╜╨╕╤А╨╛╨▓╨░╨╜╨╕╨╡ ╨╝╨╡╤В╨╛╨┤╨╛╨▓: 19."
"Message",Low,"╨б╨║╨░╨╜╨╕╤А╨╛╨▓╨░╨╜╨╕╨╡ ╨╝╨╡╤В╨╛╨┤╨╛╨▓: 10."
"Message",Low,"╨б╨║╨░╨╜╨╕╤А╨╛╨▓╨░╨╜╨╕╨╡ ╨╝╨╡╤В╨╛╨┤╨╛╨▓: 6."
"Message",Low,"╨б╨║╨░╨╜╨╕╤А╨╛╨▓╨░╨╜╨╕╨╡ ╨╝╨╡╤В╨╛╨┤╨╛╨▓: 6."
"Message",Low,"╨б╨║╨░╨╜╨╕╤А╨╛╨▓╨░╨╜╨╕╨╡ ╨╝╨╡╤В╨╛╨┤╨╛╨▓: 8."
"Message",Low,"╨б╨║╨░╨╜╨╕╤А╨╛╨▓╨░╨╜╨╕╨╡ ╨╝╨╡╤В╨╛╨┤╨╛╨▓: 2."
"Message",Low,"╨Э╨╡╨╛╤В╨╗╨╛╨╢╨╜╨╛╨╡ ╤Б╨╛╨╖╨┤╨░╨╜╨╕╨╡ ╨║╨╛╨┤╨░"
"Message",Low,"╨Ъ╨╛╨╝╨┐╨╕╨╗╤П╤Ж╨╕╤П ╨╝╨╡╤В╨╛╨┤╨╛╨▓: 51933."
